filename,label
4464,582
12885,101
66657,744
53336,526
47103,345
33767,66
35534,800
55982,530
9499,663
5284,650
52227,800
13333,21
50382,443
24886,144
59763,647
50422,714
54747,304
56014,605
59430,418
44294,189
28499,647
63292,488
31225,425
13365,528
34148,800
9424,800
61012,727
54291,510
65458,493
1267,518
18116,407
21419,72
46838,390
34439,732
39580,625
57649,38
10865,700
20158,37
43415,583
37004,418
22588,624
42331,676
63114,668
34771,164
58425,664
57761,383
63318,737
30291,29
65428,800
65828,483
46351,184
22124,335
41824,539
61920,539
16067,375
55573,57
30236,194
24825,171
31396,304
5154,243
39302,745
41610,81
51510,578
45232,406
42293,165
6761,320
51599,672
43813,351
59278,304
45932,485
39854,94
29547,311
49299,542
63601,525
38802,592
24866,565
24982,245
8881,679
8453,726
59536,800
34468,253
51080,273
9690,297
52671,605
20215,294
61847,530
41710,400
31033,555
44888,109
38364,23
59380,106
19467,571
40591,571
39884,9
51855,345
11807,43
6782,126
13037,800
38549,409
25813,708
41368,710
57760,800
60402,326
30653,0
44070,221
43466,551
11339,220
57214,800
23163,773
62263,597
12670,389
32194,159
42454,85
8439,650
33839,535
40624,72
11461,464
22226,55
41390,489
65593,557
466,745
59752,792
356,744
6768,800
67951,415
41551,800
56553,430
54621,306
64438,248
8057,642
52974,498
38319,512
15804,50
37100,74
45600,542
20290,762
67803,613
35582,547
9852,733
62782,431
16404,394
66898,232
20718,324
57671,76
41197,710
47369,787
63174,681
24304,447
37714,286
34341,0
39335,481
29185,366
30478,762
22510,800
67261,559
12655,21
64929,78
67980,735
40319,390
57350,17
41834,449
49531,532
7591,475
55680,95
31486,474
12977,527
52549,262
51371,587
23902,227
37727,356
30709,780
46180,481
17225,378
1240,800
57431,768
15010,282
9478,635
61398,165
4778,800
64467,8
44687,208
40444,800
175,472
57827,365
52787,800
61305,113
44845,51
39159,480
32731,696
31455,800
18173,730
36354,11
20268,615
32651,113
53105,526
62429,715
1088,303
29061,556
49282,28
45527,264
32588,310
32989,362
28188,288
24896,147
6305,443
35051,607
2520,195
66008,800
38736,122
20358,193
20143,518
5680,428
36116,800
20631,590
11779,323
49929,330
66567,615
58594,269
50913,267
25398,139
26885,745
55295,554
9662,580
7277,320
38925,522
9354,91
3348,685
9338,256
47980,473
38184,800
41906,259
56354,230
64048,615
16418,353
18016,265
34026,279
40835,316
40683,800
2132,544
49751,50
50704,103
14711,277
66372,309
36214,526
54858,669
37150,260
8649,74
27529,793
19585,272
1568,297
63261,240
18898,271
39904,727
10718,670
41210,343
23291,800
8485,542
9251,2
3721,638
9727,90
65781,190
66976,251
57037,339
46204,391
25006,375
51881,778
67685,404
50125,94
47306,65
31577,746
3512,478
8688,683
31959,703
30701,305
18797,527
18833,307
64103,453
49798,681
32947,544
7423,766
38773,364
22088,800
53913,202
694,454
68714,337
50155,705
64533,39
27012,350
15476,305
23224,656
50715,651
5769,381
66693,800
68413,298
57407,160
12949,668
1270,315
29618,449
67381,650
1817,74
11786,491
42694,478
7845,364
8149,104
46696,75
26763,246
50842,620
33449,761
13156,401
36334,551
36523,273
38421,596
22817,669
58356,72
17717,472
62478,701
411,800
14970,535
60106,501
2561,479
58515,199
37149,768
46600,234
29786,800
318,579
41160,195
2969,209
59415,800
31449,288
31237,242
14477,677
64237,110
42085,723
9224,665
31439,343
28701,781
64796,682
68751,291
17516,676
61048,536
17181,51
55452,86
36979,229
17171,276
62509,123
54194,159
3833,723
17969,123
8826,77
47743,245
10854,428
50036,43
13568,218
43767,474
63981,665
31403,20
40578,180
28000,192
65003,40
12444,522
5172,800
57001,417
2076,651
20317,800
22583,124
17809,121
40332,686
22070,518
240,438
45702,622
66609,665
27146,270
12513,540
11373,44
63607,8
27830,493
59095,337
67537,665
27898,675
4029,800
21673,743
58471,617
19217,195
66850,737
25583,800
21819,766
60289,194
51065,49
34869,75
18908,723
27317,145
15483,147
4208,678
61918,302
13622,84
51957,638
15983,366
6556,732
20642,606
56342,161
32015,800
34991,397
25034,45
10098,657
18458,375
11120,602
56194,264
43956,610
1111,657
50035,800
40328,619
6062,146
41857,364
65787,64
7731,763
56368,163
23399,723
26428,304
54575,312
30820,577
27639,214
52404,244
57190,800
4336,482
21942,0
56482,340
19645,800
4225,731
39071,55
55463,365
15780,723
46930,92
34298,745
11607,200
8284,365
56537,557
27027,402
48885,642
64286,524
57736,615
50443,411
8377,28
47939,436
2505,124
67449,800
65346,663
40346,36
28432,283
24555,375
9202,333
18725,665
17493,610
26905,598
39473,728
54629,523
55389,788
2079,628
2950,712
29238,204
53061,171
6927,73
13554,293
25415,441
8808,484
52975,77
21018,500
6131,275
19387,309
22103,491
54829,486
7187,403
22022,375
42366,670
42658,143
15279,715
31151,384
34734,235
24904,306
6645,5
33405,369
31516,771
42993,462
1393,177
22224,506
28664,499
45833,296
17603,381
51642,137
48339,140
23225,437
68427,430
32287,536
38861,318
11088,445
59543,723
30951,147
11454,410
23030,731
26078,222
19149,800
11446,654
13804,103
30747,764
16938,296
42775,683
43706,170
55327,800
522,751
25294,333
51527,727
26217,594
66674,318
66107,379
804,401
62720,800
55489,316
35625,392
59210,45
56557,504
42784,373
41249,543
43502,184
14066,471
61805,184
8595,214
18423,272
23281,195
65552,800
46872,0
34364,435
5028,344
35922,393
22422,546
395,747
47709,544
18738,757
51207,770
55098,104
6758,640
32669,160
35144,270
748,330
34979,599
46887,800
41284,163
30013,392
47717,710
12610,657
23471,582
17826,471
361,527
4198,61
50159,485
40446,800
42451,302
41596,748
47989,333
43245,100
31734,766
67128,702
48356,556
43445,253
27119,790
14220,225
52535,470
45534,495
63908,592
67635,800
57428,144
54212,112
8516,501
40928,431
6569,158
28381,781
48908,291
35137,95
41313,522
42668,778
11471,737
63094,17
21474,493
45777,800
3267,525
62057,529
3887,82
65975,800
15307,579
9425,463
7864,786
3364,515
11695,507
27486,367
31545,605
14316,132
2869,800
2040,364
2065,0
36987,237
38441,800
60857,232
14214,443
37280,312
47785,341
36455,475
30087,647
4063,800
5481,676
4410,606
24840,589
46016,671
63228,152
45722,134
20106,390
57320,800
68255,800
5827,276
24497,550
25495,446
36819,162
49830,436
35116,126
55440,471
67421,800
5085,557
58200,672
20082,339
16198,764
27740,88
48063,402
63527,628
192,634
6877,425
8040,745
16337,371
26781,404
45793,409
5662,557
57526,800
16508,449
43743,491
39877,443
40860,583
26355,68
54392,494
17359,607
10615,678
18446,148
8648,700
21096,568
11498,176
14264,28
52662,636
26461,319
67595,578
53321,331
66200,398
1536,388
16854,467
58487,461
21348,510
8519,21
8622,123
22615,742
36758,265
39968,141
18864,632
54723,305
63522,146
31662,337
8540,793
42754,649
13353,203
15091,520
7188,627
67567,287
31650,165
12037,800
26257,728
51355,753
31048,384
812,395
25370,669
31923,534
63079,415
62626,656
67808,56
14913,641
62985,546
45383,141
65199,239
47608,215
37623,95
14817,327
12452,438
32074,682
18705,539
39154,472
28526,515
39220,684
32025,750
25114,99
6224,593
56250,374
19484,398
58977,441
40958,299
52886,221
17767,780
21442,106
17426,58
41788,226
36482,152
56131,580
18623,199
30307,43
171,672
37713,277
1926,311
1497,62
68026,338
45256,443
12937,518
44114,642
6049,615
51564,11
68184,226
45963,800
64219,338
51530,255
29591,800
13397,571
13092,800
14894,245
31775,510
24434,43
32783,160
57058,540
22486,573
39390,334
8084,144
1253,638
52178,81
68504,543
3633,66
56755,432
23199,115
1364,196
19617,280
58456,344
62697,53
28050,176
21470,513
59180,319
16756,11
47619,589
22857,14
41232,143
34078,540
66532,478
4719,800
54592,703
5519,608
16729,575
51708,800
30724,547
27687,345
50332,800
61646,682
17812,591
3226,717
23615,696
27157,478
6023,182
358,656
38922,271
68625,553
13976,461
62579,3
35221,793
56377,397
48046,703
7511,647
56545,91
23814,594
46071,722
44112,64
16283,650
33479,603
67646,254
29802,106
54608,531
42410,16
13291,142
8038,168
14238,70
40144,785
67776,186
60666,496
18691,338
62388,243
39093,153
16294,331
14788,552
29096,163
49514,365
56963,270
40842,252
44904,429
34930,349
41153,330
35490,365
10804,426
16150,685
10061,276
19166,424
50714,377
67002,471
28858,30
1746,331
51799,126
50157,155
32487,219
64843,61
35159,544
29800,338
12426,520
53597,43
24483,32
35728,800
62343,94
63544,93
27517,800
61481,16
52979,443
30219,512
42856,148
2162,792
64543,160
45871,512
6909,58
2096,354
68800,800
63743,354
64304,467
66389,142
48187,671
40828,194
60065,409
17665,513
50792,292
64708,311
18403,193
68774,800
66474,249
16393,241
25929,178
40208,589
7011,142
24325,67
66786,662
35007,497
58049,244
47299,131
28686,196
31055,469
49620,168
41681,100
59848,125
35083,597
61203,695
39200,240
51136,268
63046,96
30835,124
63260,800
2737,55
62087,153
58885,784
225,33
14862,46
28689,36
9423,650
25198,280
23978,41
17147,445
67943,0
4377,278
52266,38
56030,621
49501,546
2050,605
23542,716
44788,264
30393,22
55178,262
60797,728
41460,424
42701,156
15995,363
15731,405
5171,684
68742,737
66769,740
28192,515
47353,479
7500,326
26740,407
16660,628
54991,475
14525,800
1176,539
64839,462
64456,800
49339,424
55363,239
29086,668
29081,253
26749,769
39606,800
20248,147
47931,800
7117,170
67367,695
67678,141
37676,123
29773,171
52537,683
9395,387
47659,344
31170,641
6183,106
64838,638
36905,182
24337,270
42920,318
16052,161
50040,688
62352,668
421,499
68410,386
36621,800
869,594
33154,503
32841,755
20540,287
16068,390
389,480
13567,106
46727,473
20004,657
8696,772
51791,397
54582,560
43274,1
4867,8
11931,748
37784,800
34287,800
55832,518
45686,196
33015,800
33108,231
27628,215
11624,800
55020,713
60376,800
54752,248
7346,800
61415,108
29168,458
14461,331
6880,346
155,232
27799,255
26823,85
10993,676
12434,349
19192,605
55150,37
33466,234
15087,800
9564,800
46274,240
49274,195
57328,580
35331,268
66803,405
36156,604
13983,695
16375,800
7433,63
10845,137
52047,524
44761,379
11296,475
37529,383
18323,17
4175,229
63193,357
19686,299
53157,263
64390,423
20278,641
9306,769
32902,2
4654,166
23410,303
51607,294
5402,358
27225,651
13223,339
53727,200
19040,31
15402,540
9768,660
26455,402
67295,75
63976,791
7199,131
46846,149
36838,732
56137,303
47937,800
48263,672
45372,286
47470,18
65031,358
66801,770
4959,284
39567,15
55621,536
40010,322
47861,196
5928,401
9863,298
60950,599
68787,148
47337,800
15798,146
24675,239
17170,19
38502,98
12419,152
19700,800
36131,606
33039,608
58333,486
48597,555
8629,454
17090,381
54111,395
47327,228
6504,740
11797,255
13451,800
37793,572
12416,354
47414,486
2470,117
8824,800
63954,466
36615,636
55598,653
31308,674
20468,166
38596,319
35711,424
51033,282
68397,181
36283,142
12502,139
31416,156
15295,539
63050,24
54330,385
19985,333
36728,202
59688,525
2283,698
39874,286
45912,627
23589,242
4042,643
26220,48
21269,800
11117,387
57445,557
5491,637
51711,531
37691,43
50874,800
22726,315
66174,141
23886,65
56806,299
5535,502
7419,527
7178,652
34684,123
21398,800
22754,514
11621,755
62092,37
35720,800
49924,663
21445,430
40269,449
67289,276
7933,382
57455,514
37016,203
41654,583
15349,11
64231,375
38383,128
48275,314
44777,770
67982,495
23191,162
16408,283
15613,589
30168,756
35557,740
474,23
50923,184
59477,198
41554,660
29274,608
30086,61
12989,631
41138,603
24305,650
68400,502
62344,345
7155,211
49658,48
54707,584
65088,690
61947,447
56516,301
44054,184
57077,78
13054,515
20365,180
25744,796
26260,65
51736,638
36261,800
16201,519
19858,327
48676,669
11161,461
5213,561
18223,645
28320,569
67018,57
11641,320
52009,677
52253,479
27481,659
14205,800
38797,742
36021,401
29810,1
4161,70
26185,93
37243,172
30950,15
40540,509
59921,505
19227,87
56506,12
19451,394
15593,739
62555,117
31641,405
54497,108
60174,163
67724,683
61372,119
42057,700
62863,473
48290,554
50100,226
53901,760
30098,757
15792,706
66794,348
57151,249
6530,490
39870,630
12507,74
21305,272
52424,156
16955,367
37602,267
41324,658
50811,800
792,800
13844,427
61039,107
58391,628
7426,800
26306,503
4568,594
25854,74
32493,502
18127,487
41462,273
4301,740
37183,723
66742,766
62676,491
59391,124
7876,633
32691,733
41220,606
11961,418
20187,28
22367,187
8404,387
67604,16
11923,250
39780,255
53329,669
67527,325
53064,726
51963,530
68371,249
55757,338
56235,124
36189,478
15241,463
22376,762
60624,413
52934,624
20766,526
7615,617
65355,653
13816,482
15914,800
60637,117
58409,696
44751,625
3157,606
55917,800
63233,361
56747,411
15975,342
11307,512
8030,651
14231,195
4103,800
13076,494
40930,761
52329,472
45285,659
45680,638
27742,95
1799,475
18057,178
16329,542
27654,23
35957,203
12437,103
60201,149
3796,138
53983,73
28738,13
49199,333
2069,166
30335,235
22508,443
53140,692
10553,175
48211,35
67521,500
29520,175
42825,800
31483,435
12579,297
7503,305
68564,283
20352,709
41937,800
37115,142
34663,130
32875,151
14960,200
38759,510
38194,662
58457,110
39513,482
36362,298
48573,463
63284,103
53138,104
29801,70
5505,5
2794,573
56699,800
38649,78
66289,595
49172,305
31114,123
2689,371
8983,677
33475,800
32895,800
32623,800
24631,273
42992,53
29738,357
1415,648
21231,296
31158,277
45338,320
15706,60
62752,383
13656,234
31111,724
67238,454
37979,576
63783,699
65850,88
8445,141
8233,544
56360,800
39835,154
33218,355
21700,349
50175,195
7033,523
48622,800
1499,667
56619,800
38974,512
22098,800
33168,245
271,175
21997,47
61626,800
35153,131
65617,800
16674,596
40479,142
28573,402
34688,800
19245,52
33882,602
10035,305
22202,226
55592,423
18670,116
24314,800
60159,435
66763,702
31802,189
44230,325
19041,22
35570,31
36878,602
16544,351
1090,249
31243,526
4615,507
9168,69
14269,51
65846,244
10132,545
64223,130
32856,800
19212,512
32675,4
119,360
527,789
60491,367
60082,243
52274,759
40829,11
29699,384
25375,551
51713,598
2949,720
8636,142
56431,746
31979,667
65154,774
3223,183
39133,161
42747,468
21701,486
65125,108
19663,188
59999,474
58140,341
63322,384
49277,530
6870,469
37624,185
42923,726
20103,591
62696,586
14162,580
58599,125
47888,733
14300,299
45288,726
17760,474
32930,591
13224,263
6951,60
48691,192
60766,10
50653,746
31807,167
20934,371
27077,226
64949,629
3210,253
62484,356
35495,781
58455,604
5396,430
59843,92
14394,476
7226,662
66170,112
4245,587
43485,302
59247,485
21607,760
34798,78
12665,731
54131,753
5035,61
37258,203
65349,549
28221,736
38390,228
47599,482
45573,587
9970,541
44846,257
50241,129
61330,192
1650,141
20304,430
29390,466
36465,189
41226,95
64003,705
45220,592
60221,29
25869,67
51256,800
32362,168
7450,276
58017,155
59722,800
4580,800
8282,416
12254,563
35696,225
24797,416
46662,150
17187,533
9546,73
27030,115
62628,800
68011,96
26473,673
12872,545
63714,603
53056,559
23485,87
55268,407
16495,322
21558,800
31940,54
15194,682
33836,20
48637,383
3919,780
56412,185
12360,529
64092,254
18647,226
31338,69
67629,78
53264,644
15992,639
34776,231
30632,789
51426,185
65657,720
47515,647
54709,680
13267,99
40823,477
59096,650
62364,428
55438,705
33606,35
7095,544
27713,368
7211,481
30933,220
18478,95
63254,800
43082,562
11818,468
67836,256
44525,648
54225,694
39416,688
36764,91
39733,456
24564,205
45201,213
15429,489
62622,214
47852,107
63811,90
57625,532
42029,74
42639,310
37654,547
27203,183
34074,630
58022,466
44639,568
8904,734
36492,78
60719,449
7817,81
23807,741
44216,598
6458,155
3974,330
25548,659
63807,749
22261,335
587,495
35341,240
30753,675
36782,22
33397,589
7035,665
13101,98
56121,140
14756,485
59435,510
66860,114
48712,759
14095,297
52249,585
4700,64
33512,580
63153,95
26790,464
57984,178
49238,483
52021,800
56674,552
35981,609
61898,800
9234,471
5097,237
4145,63
289,319
53308,223
61823,216
10875,748
15209,294
5183,174
9142,306
9324,165
27800,514
53059,362
45990,538
54825,88
14082,750
39584,152
33974,119
48314,166
48209,219
17766,198
42855,540
9742,800
15254,99
33243,109
18656,441
855,437
53400,1
37848,595
4276,188
8968,663
53852,728
68668,451
43029,85
11620,644
24598,427
33097,300
38573,478
4117,437
33418,800
66356,591
32725,94
53340,689
25971,437
1134,216
23721,344
13316,435
14422,800
56205,498
41002,727
54641,350
68785,703
61177,795
46310,451
36608,19
41923,800
29522,442
17152,390
43635,759
9111,474
21710,541
17993,652
48351,604
14937,88
64594,598
33179,767
64845,780
61206,347
45693,480
7912,482
46502,509
23795,351
40722,800
23033,208
54233,223
27241,210
29479,800
4649,713
52543,522
48910,37
11578,716
46518,662
27668,476
10505,800
38766,718
54849,624
4069,704
25108,489
50504,376
65312,260
19196,24
43707,262
63729,454
26970,581
66187,72
39153,205
31811,579
22709,196
7794,193
5544,303
13410,279
57462,51
45721,457
6030,65
64916,576
29342,299
35637,657
10704,162
11546,344
9737,800
35376,491
44657,154
13533,288
25354,165
36335,800
59290,800
21853,800
10172,98
3807,170
7830,664
11992,349
36958,298
51524,800
55833,562
6895,36
29239,107
67576,370
13030,536
5868,33
63373,798
18286,48
67195,719
30974,451
36858,404
10025,658
13913,557
20677,226
39929,533
13961,239
23482,357
17455,577
36877,346
39705,464
49193,657
47993,392
35280,373
68186,535
46414,110
37433,690
68058,489
11878,316
49684,800
21074,360
7891,453
25698,231
17936,150
8328,444
20289,214
58323,800
64308,797
14932,601
16266,301
31469,348
20647,800
20929,597
47866,606
61789,724
66297,800
34003,136
46832,514
35129,576
53785,387
35936,323
50491,456
55391,100
18548,154
65487,800
908,171
50614,103
58091,304
1354,227
52363,324
30388,201
13931,426
16106,800
65217,113
29916,744
49265,229
34393,87
25472,333
28744,100
35632,800
27036,732
5530,559
5034,423
31374,653
4269,357
52591,584
26479,402
15782,771
5450,755
51928,115
19856,583
44136,433
9947,672
21745,443
23122,603
16174,610
45343,288
34436,372
59108,620
44930,9
35367,681
42947,459
58540,800
30617,72
54690,176
2742,606
867,321
25659,30
48934,218
4415,360
4229,578
60428,182
61644,546
987,238
30214,730
49508,271
55938,201
49868,483
20895,206
3857,507
51887,593
66814,467
17505,423
7998,512
46430,777
22885,87
30473,421
64044,22
46924,727
67371,265
36392,586
882,606
39687,697
12714,800
68698,464
12569,527
33103,581
64367,475
59691,800
39359,500
13111,719
40125,430
48369,95
11989,800
29316,800
7550,16
53107,703
31866,228
558,762
55848,377
2211,703
42173,532
26430,800
13097,238
46819,522
31829,511
60001,376
31854,700
3293,119
55567,685
1398,701
64592,413
55627,720
34842,683
3261,457
36576,800
1156,16
33627,588
1122,660
15963,527
1225,49
6251,472
64484,325
53003,20
38673,450
46096,115
31991,418
53369,586
29826,286
31264,781
54905,107
31885,202
31797,260
30508,662
21662,746
27595,540
37059,511
47930,678
40005,613
68486,800
32176,214
45644,146
25430,224
16744,247
21664,21
22898,263
25696,704
62359,491
46069,25
46992,9
63276,184
50345,800
42064,82
51110,753
60073,69
38260,592
45889,512
60867,800
24368,420
66984,361
15346,159
55845,189
29029,178
67120,80
27932,560
13738,800
53633,100
47001,754
66530,102
54191,379
7215,733
45587,408
21669,800
29921,758
29581,800
9769,538
17206,199
19232,717
35000,176
13315,684
24679,457
20309,65
27600,435
26968,420
57981,269
31101,40
57094,321
61600,735
30032,402
56882,27
15974,690
46607,72
5436,31
22713,611
64814,181
46472,175
34134,800
14562,377
8130,720
54947,592
28014,481
20087,187
51795,307
1665,469
3433,283
9335,529
17783,314
29007,601
10259,208
39563,344
49462,771
44492,653
21124,354
6822,800
59913,558
36725,273
55305,628
57774,163
16735,800
19636,454
44798,194
34511,293
27694,797
47464,665
65747,701
53968,46
11432,51
25373,461
6739,319
58496,17
48917,638
62313,24
30662,96
62065,237
17513,372
15493,800
64754,502
22979,4
17096,315
62412,283
27032,147
45313,584
11783,723
40028,58
45004,426
7260,733
20117,200
3258,708
5163,456
4013,655
6343,628
39820,388
39352,106
17715,189
63062,217
38679,512
15770,388
24836,206
34796,771
8528,409
47379,681
10119,105
19785,119
4279,487
62395,164
54795,511
21665,117
59427,254
53114,563
48992,4
26662,731
58530,9
18372,486
9916,480
33019,700
11195,47
48576,800
52010,211
54598,315
39476,632
54731,242
3817,306
46990,529
42830,690
27145,708
56147,482
23303,332
56794,150
58442,53
45416,258
55223,363
56738,334
19402,313
11935,438
2298,800
68118,572
49900,484
46371,524
67798,758
47735,539
23465,110
50004,280
8488,143
34088,226
25634,339
14080,585
15202,497
43586,603
3957,670
50675,117
60544,214
26367,155
31500,701
29236,693
7930,412
30504,401
13886,220
12087,800
22326,328
47394,180
29224,203
5306,540
63077,216
58638,180
56736,619
65980,555
23251,194
16835,667
53604,765
47361,125
15721,136
37326,507
7683,650
43262,516
20905,227
4378,693
28623,660
9552,259
16373,279
30234,490
31710,59
63756,104
45771,611
49774,672
19732,159
28292,141
38568,192
53999,555
24432,715
7292,763
36327,278
60058,378
24688,149
7345,572
9290,416
6501,118
54796,644
58742,163
9154,414
23884,711
29993,630
42106,185
4090,536
54032,298
44317,567
7368,697
20594,152
23919,701
52297,61
34789,735
8176,704
30767,393
19329,312
34967,546
43442,364
65779,249
32882,98
62205,399
60604,465
16442,586
56914,275
4906,605
45579,278
47704,618
10552,538
65236,289
10026,145
27440,532
39742,184
7507,175
57244,505
34462,699
63214,78
49698,748
43619,55
8882,682
49479,365
60022,800
45107,800
9569,551
36779,181
16993,180
12799,800
6522,21
59854,559
2986,522
8096,13
47921,463
898,405
6208,85
24383,672
15592,723
26865,490
41640,581
24523,386
33008,467
9529,390
30967,433
59505,562
65047,496
16992,428
51513,334
33359,683
61425,536
9294,684
48877,393
31584,695
36053,168
33505,467
53101,318
27737,774
46825,174
66628,229
68327,10
20115,645
9655,800
10454,208
42692,507
54186,233
54874,183
139,337
41476,156
23422,800
9589,606
7936,486
68205,467
34146,454
28097,774
8912,379
37309,545
51205,662
3475,738
14096,277
62483,568
65398,273
66133,407
57307,508
67234,618
26233,647
11948,151
46505,350
10271,576
45924,75
8462,358
41416,145
26906,418
43507,194
16610,216
48617,623
60020,348
43238,800
25144,114
49867,620
56632,536
43672,800
33362,716
13734,666
33427,103
66536,574
19342,574
5788,296
14635,315
48324,336
48632,144
23104,441
12299,700
1298,370
12326,736
60190,447
40902,290
49580,397
8231,784
2255,640
31347,595
52369,374
38837,155
37580,698
67443,47
47448,193
306,195
58370,613
13586,53
56810,497
11968,359
65454,662
41553,162
19742,161
22579,19
9573,182
13771,110
15874,71
59467,172
19628,800
57562,800
23071,112
11368,533
60539,123
21828,118
47251,465
60833,584
13077,494
26406,800
67861,270
27905,11
66146,522
12234,800
10036,670
20937,145
39719,235
6628,305
55109,507
46166,315
14598,800
50884,214
5732,650
54387,800
883,395
32513,88
38249,423
46847,793
2710,537
57873,383
64736,146
8438,292
43416,383
50356,353
1785,643
19622,21
35309,143
68055,561
9263,793
60414,185
58871,456
41664,79
30585,800
905,756
46536,38
12462,53
18897,570
40154,38
1609,525
48580,800
55351,240
27418,414
64221,458
24037,569
12487,708
16805,312
10887,506
43501,44
3059,321
26517,131
27937,577
30943,105
21550,404
52985,245
52941,618
15347,603
33293,701
60764,694
60516,800
67298,315
60819,800
6153,136
1956,789
16527,277
47024,20
8242,380
32440,799
37592,105
14330,156
50847,179
19551,617
50506,775
26338,699
50297,291
48777,222
45865,21
55266,800
18076,41
34899,800
58722,687
21576,310
47707,438
21277,684
17365,747
14689,471
14237,87
65142,435
29676,773
286,408
48082,307
28987,601
22844,328
53654,750
56257,355
20174,123
24624,261
52746,317
19868,556
35284,597
131,637
61655,569
1182,441
27841,210
63418,638
43835,666
45926,361
43690,265
17203,237
38288,383
35850,51
64716,54
27380,16
30981,622
16577,466
11684,216
15285,797
31322,319
27334,698
20833,17
10863,800
21042,670
32890,370
41339,331
63257,324
51837,576
7678,591
39715,87
8865,619
18763,432
2629,800
29056,538
61714,225
31443,128
51551,526
3209,789
35931,347
31204,298
52091,503
11071,18
60727,464
62920,280
19143,522
28360,71
32134,640
54671,399
55070,724
58247,339
49804,131
7386,585
6674,529
26813,607
51214,577
2918,113
7024,86
54569,100
32227,334
3925,669
30466,325
18655,800
12859,459
63219,800
32607,246
61362,513
18071,91
59667,701
63190,800
62733,636
10938,433
39068,183
19310,336
42988,551
20837,304
512,767
49297,266
47606,641
20942,479
6581,684
57605,294
58361,148
35642,171
31934,800
37301,279
20927,269
45252,728
55291,128
60182,418
64801,93
33338,396
58037,683
46322,800
6644,147
55863,193
40756,221
54841,481
14618,380
57851,634
10494,242
9631,509
18610,537
64026,800
13940,226
41328,340
28628,710
49908,118
30225,225
28094,180
19978,46
6881,381
37626,586
50615,46
28384,283
17019,800
24210,800
29836,345
13299,683
26441,490
38575,538
17697,636
37661,86
42393,800
58006,800
53115,780
26269,696
54362,689
28634,42
38841,680
64428,84
13769,275
33379,615
23421,796
62516,508
19601,724
17092,793
54379,110
66960,788
21907,279
45361,567
46716,298
36113,179
65816,277
40040,696
7917,142
17659,670
55304,538
58780,315
22637,187
42212,669
33199,569
45039,800
4240,178
39907,340
43474,6
20015,584
26762,61
26978,793
50823,119
6654,708
50928,602
10958,445
3479,685
9704,562
51404,640
60307,258
3658,312
63454,307
5938,699
17212,464
2931,139
1242,303
55012,656
990,183
10039,538
2779,641
30188,458
46632,172
37199,88
44701,71
9752,800
16151,731
44642,383
12643,763
57447,242
14868,71
46840,216
29450,382
65894,800
61437,456
1299,301
34177,454
41338,396
33486,717
44725,62
16534,150
66468,293
31674,135
66383,502
47012,793
63723,81
45624,268
9861,480
27708,462
67522,759
39977,134
470,396
17135,614
5399,491
12591,66
17864,326
22357,160
11709,3
68574,746
64713,326
482,479
62506,76
50381,800
48963,427
49565,8
31884,598
44910,751
22280,515
40037,328
43525,561
64919,148
32260,718
54310,800
22494,198
39014,282
24238,609
62523,579
39667,183
42645,653
22787,336
4825,462
20946,612
20666,369
48532,147
7398,114
36984,607
45482,199
28408,101
49246,154
50733,120
6745,320
15984,242
31358,3
7134,43
46254,748
36714,404
50289,477
21055,450
37206,279
237,643
15342,280
18045,537
62472,388
64009,275
38110,254
9144,0
60955,659
4890,483
68733,394
19384,429
22106,620
11548,198
10694,71
44395,278
50836,160
18138,348
17410,151
43267,749
41745,687
3905,445
11364,83
64942,800
62810,276
29307,387
57675,749
32974,268
23195,570
2670,61
65911,738
23031,384
50799,494
17747,641
26291,680
33342,487
14114,19
56383,743
34450,800
40544,274
18151,186
6283,685
55092,224
54265,175
35136,800
27502,104
67773,582
58149,267
36175,253
37586,581
59537,346
57529,800
31766,73
68712,566
50117,280
23128,167
37307,662
33567,232
26647,332
28844,303
48658,495
25740,6
42842,56
5033,44
13143,501
20453,224
58878,677
23726,304
648,302
16573,80
51756,58
909,257
12842,430
41881,400
33647,44
147,800
27562,143
66029,65
49328,309
16682,324
64900,36
700,574
6603,800
58235,84
52593,337
47586,560
29837,335
42209,264
9223,209
17660,800
43722,71
40867,246
54532,800
20360,432
31994,19
31501,46
58160,645
22348,376
51827,40
58124,17
25793,211
31814,83
44206,800
63998,355
65473,124
9377,499
40268,201
27430,273
53963,800
52060,671
60079,324
60110,278
38652,528
61747,349
28772,18
33743,40
10006,639
67557,124
60982,295
9267,519
68623,193
12883,680
44290,683
32458,614
29917,800
54624,557
37889,389
36441,491
18265,252
39469,720
35370,12
45450,796
15432,326
19138,76
52649,193
62616,800
24471,208
39433,502
43974,582
128,546
28842,307
64039,613
68166,77
68283,455
19899,200
33945,251
42774,264
41530,652
38458,655
37175,557
54397,651
15848,177
45454,800
20536,557
17881,483
17119,65
16727,88
11782,668
18709,319
13744,78
24200,452
8464,547
44810,277
35595,504
11304,294
28325,228
19471,161
45616,490
66644,123
57739,549
49059,800
19758,769
55473,615
68655,351
63134,599
33989,198
56075,405
33283,800
14576,716
10556,461
45191,643
68429,506
51421,484
66237,790
22232,394
44270,108
24893,609
43949,646
60410,425
53137,322
62754,704
14074,800
29721,412
27461,684
26052,800
65340,449
60887,398
6545,800
5468,188
37622,359
22959,211
29065,49
24879,152
56464,438
33842,400
28464,252
38699,325
938,719
39106,147
20389,187
7479,365
57454,682
51774,6
50996,756
8792,645
45331,302
42717,609
31108,718
22127,183
41380,420
26687,322
7715,422
61914,464
39623,213
29256,526
64639,333
57547,714
57624,344
52952,800
65792,378
55643,300
62303,536
34809,581
63764,551
42075,84
59565,446
29169,290
2363,177
57719,217
9344,800
65153,497
52032,246
68317,593
55741,245
41297,726
41389,123
46425,666
27855,447
8039,239
67392,760
53067,489
63397,619
5522,604
33128,766
65145,584
61156,585
54060,53
1645,199
42815,639
18993,731
36395,156
24905,745
58767,216
53104,800
28932,93
67450,55
33539,506
10103,431
1685,443
49748,573
4151,602
42662,332
51638,800
22383,41
53265,269
43488,636
44182,374
33908,4
65855,765
39876,217
28943,291
4898,163
31853,205
11336,201
9862,800
16425,25
35030,140
52621,784
17873,639
44567,23
1430,420
17731,471
24484,715
44407,360
66698,404
6472,479
46902,800
18992,618
41932,549
46437,566
61070,699
58326,524
62732,666
8618,44
51520,35
60035,736
55409,299
42884,782
17081,667
11107,685
37353,615
41725,193
42865,701
32663,77
5473,453
67054,73
857,800
65364,748
32465,756
39187,646
45021,234
56503,119
37214,695
17247,777
55426,776
50103,133
38230,196
1291,355
48302,223
28741,10
27860,618
64506,570
25927,67
15318,550
56460,646
40802,800
1704,542
62950,674
61598,13
2293,243
14593,800
41718,559
21406,113
42176,15
22687,213
22875,518
38955,76
1611,321
3315,580
21804,554
34285,701
30016,653
30459,800
11865,348
2555,142
38752,633
54307,179
7242,284
19055,20
34880,558
45864,154
9797,325
51721,100
51430,519
30843,190
39792,144
67674,777
54009,711
45791,282
11237,678
19137,417
3319,605
28483,610
888,737
36570,118
15668,240
54456,254
26162,518
32133,60
17586,77
60295,21
12935,471
38614,123
64710,523
34315,568
39901,416
3884,74
30368,322
38643,629
37824,535
37672,508
64359,457
19958,582
53971,413
66489,383
18581,665
40965,756
44494,649
46174,305
60959,196
57199,333
35342,281
20519,481
32239,442
45762,159
38825,592
66685,555
37886,214
22683,0
31472,141
29294,337
66423,523
38680,190
67904,65
44763,623
28981,566
64480,225
7523,94
19280,156
59272,457
26056,166
16893,535
49724,559
5469,596
27750,581
18051,800
53386,362
57694,323
60156,235
54117,800
57406,39
33245,112
21471,84
33309,219
20678,694
59760,568
29514,244
1292,800
23279,128
25207,325
29614,129
61088,663
58262,424
32946,315
21166,274
56063,429
31004,384
36103,616
12715,758
29556,298
11036,645
46503,425
21709,657
61683,116
57871,92
62281,559
37196,79
11376,693
23335,365
11991,621
48623,435
6136,204
7903,79
33857,680
40619,261
35729,336
7192,139
46188,338
3166,501
11957,800
47397,213
41139,671
31834,723
8753,605
17124,333
2745,327
26490,754
35918,75
61752,205
6597,800
52255,515
29028,744
55362,578
22719,121
60216,772
55461,145
22631,120
37960,585
62056,652
34679,168
65615,800
65740,324
65401,252
24750,490
43084,37
9409,581
54403,791
24650,490
62961,467
29873,438
63763,800
46542,29
5192,497
15177,748
59190,209
19846,371
23027,580
4960,330
12130,58
9020,295
48641,408
9550,485
10831,543
33734,170
447,221
43272,493
68111,439
15382,546
6816,800
68276,491
18572,577
50474,292
41456,5
8866,758
44359,558
42850,485
20385,378
64491,27
59878,107
12363,23
52111,569
36079,301
26876,771
392,800
10008,155
2581,800
31184,48
24757,705
15925,433
58824,478
21378,508
56670,529
31527,11
6841,613
51119,800
56514,117
29470,510
30046,348
29701,179
48463,723
27993,298
24584,67
49231,178
31673,687
41439,432
8586,69
62569,800
22116,530
42326,800
24975,247
18435,431
5756,350
23862,353
52466,106
3312,269
51932,257
34737,7
63596,326
14809,287
57716,610
35219,268
29880,650
33590,466
17349,100
21064,26
2037,132
52414,674
35658,166
64327,78
21464,534
11987,291
47890,519
13179,437
41098,724
35304,160
4609,163
41190,11
50271,450
5652,520
34983,650
58020,768
43255,800
32022,800
17108,370
32889,463
39374,477
19885,301
55217,61
46444,673
32363,27
63137,176
36110,563
13362,479
8697,291
16814,383
48954,302
5105,781
33110,647
43349,578
9515,428
26256,800
25219,647
58004,359
36635,196
15817,282
5197,482
16597,203
32507,438
54971,228
66583,559
41243,190
66134,800
55528,514
63824,611
36186,666
55971,372
26711,214
5200,514
67592,702
50380,797
28404,211
7994,168
16634,25
63122,800
38253,87
1655,135
20878,800
68677,451
8809,543
2055,197
38899,268
25792,475
58992,390
7066,800
36478,540
4080,142
37095,170
42521,583
33602,277
30191,9
13273,230
47496,800
66413,103
50701,800
14798,271
44134,616
65522,374
18961,710
56695,463
46,40
54189,789
50324,602
47479,592
35871,294
29071,800
23709,299
1565,357
63852,1
13303,303
7902,20
183,236
64516,710
55300,155
15304,579
49070,365
35796,268
66013,557
59386,543
37155,774
67281,523
3538,367
42005,721
37542,521
42675,556
18872,423
38056,18
41656,603
47803,512
46698,326
43058,219
23549,514
43316,728
38069,132
57710,800
23579,104
25713,14
46804,65
9022,554
63937,123
14567,68
450,560
22552,60
61403,74
15500,174
29838,800
48126,221
63955,374
45575,769
54883,48
53586,567
60976,351
58654,800
394,149
63043,61
5332,696
52917,800
2052,636
27516,445
46683,784
67061,485
14776,349
1113,73
3704,730
54767,364
19381,570
29191,415
11867,641
34119,306
56886,62
52224,586
44622,598
54548,441
35156,676
26491,106
13745,387
20471,450
10880,653
67580,560
18901,527
39478,604
51128,800
37010,194
11699,654
12291,215
33691,368
28866,646
13117,185
48680,44
3926,651
43254,552
61891,539
53153,747
56002,295
66118,595
43430,28
40757,389
55429,513
58658,222
2044,92
59749,554
3093,354
30139,129
24578,609
61688,110
68145,346
8075,794
31919,35
15258,359
8681,381
33068,416
16421,291
33406,781
12393,534
23906,508
10710,610
17442,230
63243,726
47758,592
40245,715
35790,720
5209,264
7409,458
20091,46
20149,793
19744,64
64310,215
49708,493
9941,588
45977,677
14322,736
50570,192
13276,464
18059,68
5365,719
4992,225
3013,228
45985,182
56521,415
48999,97
1325,559
47799,38
15068,27
66971,498
1737,35
47892,51
23004,800
9604,215
32354,318
5609,759
16571,754
48495,694
56928,64
9933,687
14829,551
32931,365
45808,800
39075,226
64427,556
66557,210
12669,13
46181,506
64061,468
30622,265
19162,129
45183,19
33141,336
40039,287
16556,7
51029,701
16822,189
39892,800
6795,145
16896,407
58747,690
59603,541
62220,270
6728,800
47509,665
16299,430
58601,42
53616,676
49673,269
14990,321
20113,280
23531,597
46605,83
67151,167
60186,267
45580,604
996,693
28768,696
57223,665
68034,365
30883,120
8332,67
24527,195
20622,482
49012,800
17328,516
54931,68
36818,800
68207,644
38779,642
17252,207
822,192
6032,466
41005,663
8112,381
64766,346
7004,171
50145,589
18871,673
24478,151
49284,256
63396,619
51854,800
5400,20
17218,324
24394,164
50809,579
29075,176
62725,308
36344,230
9233,354
53121,375
5888,664
43773,686
43458,507
65192,211
55047,602
24043,738
66622,160
42244,774
10673,215
35454,110
53420,48
24288,367
60407,47
16514,197
54826,140
66586,772
13994,566
18020,131
56742,514
63519,348
11803,697
51759,273
15573,669
59993,283
49434,235
67868,700
26502,307
2691,345
68195,800
29511,516
11299,387
23468,368
54247,373
33036,220
67505,545
58534,584
48297,158
23843,505
60765,571
67766,392
22835,104
49075,795
31433,660
37497,574
62367,414
13810,601
39765,34
10318,65
12097,2
39412,12
17485,108
3345,481
30259,609
56872,544
64239,399
63455,163
30063,654
21757,489
22163,255
23717,514
6393,684
68686,658
22563,264
23780,354
16553,46
12531,353
68704,364
21069,13
44119,649
30460,522
14176,303
60067,800
51516,65
6226,511
5501,244
19776,614
19350,509
22312,104
41649,500
37238,674
62077,230
44855,348
50773,176
67894,304
246,300
55074,28
15566,215
63665,341
23605,510
20036,184
56552,410
57340,514
64637,677
1002,35
44778,455
10527,122
47928,95
5614,567
14556,616
23396,493
45764,600
59562,670
6632,183
39130,136
32620,268
65347,664
10297,741
14033,465
51822,692
67840,602
64902,608
36440,173
31953,289
1480,792
55539,67
23529,319
48838,737
48292,258
39708,131
53407,133
9936,727
44228,285
59302,696
25579,102
63107,142
49542,639
34587,642
31657,445
42840,650
64599,646
31921,340
43899,31
39706,800
56095,280
18200,250
14241,167
33098,800
2596,525
32253,673
51924,800
34029,423
29937,543
36314,38
15962,264
40227,149
13967,216
60639,494
33859,788
64816,697
29559,337
54904,358
51910,451
44685,175
1707,596
60046,435
17069,265
63946,512
43783,326
32153,276
38430,725
15120,665
7956,800
36184,93
30265,114
60293,401
57419,34
32345,442
42288,135
68154,738
52185,666
31065,61
24501,457
5158,21
45996,587
14962,573
38038,500
18367,578
41489,88
36831,577
9000,86
49469,674
63037,481
8314,573
29005,416
31437,453
63157,465
5417,683
775,211
32845,33
67903,761
58849,16
53127,482
21178,405
46999,547
48307,278
22869,44
25020,527
61622,342
32402,95
20972,758
52896,705
49338,384
29829,800
54568,416
12221,763
5369,219
28668,800
33702,108
20999,357
50938,384
28042,800
13735,269
59711,415
48197,623
43871,122
66744,800
25328,227
40945,334
56672,155
13134,19
67095,800
35523,800
28020,108
30560,171
54773,444
22639,515
29442,630
10633,42
36504,263
29868,135
17752,177
51436,537
60454,0
64269,391
17716,620
63080,747
11735,420
11773,716
28343,467
29680,78
47529,445
48152,782
65675,800
33969,758
31646,800
62191,498
49280,259
64570,150
63516,25
44436,208
1256,771
48200,73
3275,41
46543,198
30156,705
2720,694
62157,131
57967,589
63576,507
62295,704
48299,604
37936,567
18457,584
56520,402
40580,382
53009,65
63984,742
31046,124
30829,151
5591,165
25286,674
42027,687
52555,373
6587,414
42773,545
11258,114
16321,179
3125,800
35250,800
32225,763
66807,75
14596,730
35627,118
23855,777
2286,520
10232,154
66181,538
37457,154
56110,45
28863,216
61506,17
40791,699
9937,668
2504,523
17371,641
61973,147
67847,402
54656,361
17443,503
61382,69
46948,655
10374,538
8092,155
24983,129
51183,175
14216,172
37569,186
30960,723
20339,500
36742,500
61604,800
58672,355
56353,187
30224,498
26555,800
3103,607
49258,121
3682,198
11389,513
4305,635
64744,205
9288,211
7271,438
42748,410
44340,254
21358,800
55288,78
25098,454
32170,289
47355,789
25291,378
3095,286
16110,115
29209,712
34773,487
19523,761
27588,358
49268,800
41709,372
59755,122
16289,263
61968,354
54498,444
41086,172
5789,232
16973,136
36319,160
45239,350
40492,220
20524,177
1851,456
21427,151
21128,524
48195,120
20111,444
5001,12
7697,192
11437,197
6490,246
14553,769
18965,257
38079,623
60868,704
46137,363
9222,514
52831,533
16546,266
6321,386
17570,570
39544,419
43041,800
34837,136
55752,454
27485,158
25750,660
11422,25
12305,571
64689,322
40558,800
58770,221
49463,800
8132,373
32626,123
27847,258
36119,174
39512,513
18454,800
10127,549
64426,53
67597,124
67715,189
11619,554
23364,130
68210,391
41677,365
28203,321
19878,164
5866,20
59239,800
67673,15
36133,800
12874,188
3605,670
57525,611
53443,237
55707,11
40989,343
47007,800
25275,350
62183,65
38506,113
21569,689
30394,788
53578,364
49088,519
49423,390
65624,508
29642,1
25910,370
31052,303
17953,126
650,318
8720,674
63506,362
15722,513
61727,536
18856,800
32092,800
28006,559
65294,689
41063,800
43157,174
38429,161
67957,332
24915,254
51332,551
15427,715
66065,556
17643,497
23990,659
29983,580
9804,60
59375,49
22053,634
46868,403
28589,121
45097,28
34329,641
35786,489
4806,79
25531,690
6142,179
38093,559
8447,230
43693,696
50533,46
40104,498
50943,695
15547,158
23504,144
26971,57
64458,133
2093,784
26706,554
68612,83
37247,542
40753,73
32437,800
16624,223
3624,154
39104,69
8116,17
4159,646
56850,131
31587,800
60489,644
63446,161
33322,387
45500,595
54944,768
32876,264
3714,244
25946,496
48365,677
21122,456
27984,716
63198,315
29610,118
58212,73
8241,57
37952,435
18097,489
14783,445
61243,549
3868,361
22420,134
44709,800
57332,800
53258,50
41047,367
35669,341
32707,377
48545,41
18920,86
56234,108
20335,758
17900,85
50543,337
8503,724
19370,134
34576,4
31907,78
60373,661
22628,641
56994,316
9098,677
45720,320
32241,480
13363,682
9657,386
26448,464
48332,324
2729,685
16481,348
25794,284
38881,471
8081,610
39582,740
42147,480
1977,420
22294,228
57392,178
8585,703
36042,196
45606,544
47051,214
30545,173
32655,450
7737,622
60561,524
65620,653
13664,398
29608,800
56938,41
13160,800
21046,59
56797,408
31557,518
61099,417
64303,69
47696,800
44107,520
20144,693
11472,294
16664,447
18606,381
41590,379
21573,772
50371,310
28755,196
31877,633
57103,45
40082,777
24480,354
49599,120
36246,391
5795,733
25956,800
18175,552
18422,267
22167,299
67255,203
7375,171
56463,587
14484,58
62271,661
18998,216
49475,469
57109,756
59567,362
2066,195
67507,465
23444,800
6681,247
38094,800
34608,669
39649,319
17266,302
39488,458
55072,364
58692,671
47077,748
36170,558
60892,278
5418,164
43782,173
57337,712
61897,318
61557,177
24010,581
49747,331
26126,560
19275,229
54892,188
14920,702
30961,800
7030,325
67325,367
59607,1
46130,39
41348,450
32306,679
12154,451
55919,451
24189,299
68483,276
12573,254
29975,639
51702,195
68430,716
12587,447
18361,70
31990,65
12120,472
27105,354
49730,800
27629,406
9373,278
44329,420
12498,461
33986,453
54507,800
37917,12
11150,639
33403,435
7300,466
24843,800
18789,123
17084,364
23384,259
25300,702
34157,402
64135,144
50398,473
67175,259
55322,412
60034,641
67361,291
44403,800
54929,40
61320,504
36146,595
10435,229
45810,518
32639,78
5136,527
34066,612
2072,663
52504,800
64396,226
58039,269
46182,541
34384,780
15208,236
17228,31
59026,467
68437,543
24685,17
58427,260
10963,150
26329,176
64624,338
37539,170
50162,103
47259,800
6402,534
43803,441
64180,619
36722,592
55037,18
51495,727
67644,485
23789,486
6444,364
31089,680
46364,260
66218,724
42549,396
38473,800
19613,429
10143,263
63265,600
11447,629
41010,682
39254,686
11522,353
51508,13
18603,343
41170,597
61236,355
54725,800
55999,292
13748,343
27930,737
11281,800
42739,253
30135,201
14693,170
42697,77
61810,285
22638,73
63128,23
54066,664
43890,794
12746,107
22313,321
46908,277
16881,474
952,188
9208,691
33016,325
62186,517
16046,700
44438,735
33043,448
30869,537
38306,507
56009,106
42335,301
32143,800
5918,565
18717,283
5103,516
44643,139
45406,349
39526,211
23930,331
8658,58
15287,335
24176,90
38314,682
1871,335
52164,650
54303,485
57474,78
64519,172
66346,122
29039,96
20370,12
52373,772
239,62
7991,253
29923,463
25662,436
19494,657
48744,62
55031,197
3835,153
27390,800
6050,322
67420,800
55016,112
52978,321
5435,153
56703,800
19413,243
53974,135
24459,377
47187,737
3803,689
65976,398
27585,650
56032,65
55576,689
62428,219
52059,49
33349,800
34057,320
7338,800
67438,708
8251,47
41693,462
269,701
16959,484
50988,388
33072,361
783,483
16777,12
21465,596
6250,364
50985,189
33348,223
61060,535
54920,483
44479,291
40072,343
46119,198
53973,800
1674,72
247,51
54769,683
28886,63
53352,388
47549,449
19754,117
7279,343
27935,800
5462,437
38663,43
25701,769
21479,129
14478,741
68746,420
39818,309
31327,11
31310,771
12012,768
48887,638
41625,15
18298,682
31906,207
60935,57
22117,54
37603,468
15514,41
45835,168
54500,208
12247,632
27550,679
18442,180
50590,128
46942,192
37246,425
63744,351
57705,37
59031,346
45208,527
51787,133
25861,177
7448,22
46730,241
4334,800
60487,157
11960,367
19147,688
31795,800
57995,543
18805,336
5842,736
30680,193
35088,640
54326,137
21908,22
41679,646
50545,480
22911,141
38241,588
38830,745
53076,152
808,451
31047,288
45642,327
4493,800
56609,160
34167,208
27209,491
37500,105
26832,101
7629,285
41877,800
12863,119
6658,653
53092,800
28722,577
66602,777
62669,708
40769,2
17304,800
52757,187
58776,190
47805,354
33112,642
39857,269
47370,425
14051,156
41878,639
36719,261
3477,119
46383,104
3032,632
23054,660
20348,591
68091,45
13749,393
19348,286
17025,447
42861,560
8845,179
51187,540
44530,63
48771,60
43459,752
14240,293
28035,249
38891,693
60440,800
34564,339
40340,75
37443,374
13713,569
20719,507
58137,373
46420,515
333,406
59637,191
33370,718
30167,800
12301,708
57072,512
50171,316
55897,570
22737,144
36786,348
6005,717
7890,800
37387,800
11974,462
16200,631
67342,231
136,437
10328,526
36436,344
64651,380
10868,192
29627,324
4189,537
64028,639
7240,529
6089,747
64544,714
32,800
21365,699
13953,29
18103,621
48062,129
41085,220
50990,800
4821,70
18946,612
33425,399
59894,528
63736,612
547,688
5844,570
55143,334
19932,634
50412,23
59486,345
62897,67
54922,464
18275,515
13441,302
26209,793
44444,448
31210,421
16120,78
2252,275
3881,141
24149,605
24837,637
2839,110
17489,102
12106,731
62532,196
55995,791
8541,334
56097,258
12529,800
61411,243
52222,800
19802,546
67140,431
39019,800
49714,611
47591,800
39336,800
60362,230
15246,67
59110,138
30667,399
25831,253
11870,720
64859,714
8047,193
17127,527
5729,800
5374,96
8690,777
60076,201
37558,800
11886,180
66571,307
44556,321
21739,367
62904,378
52953,36
65302,800
32069,653
26913,496
60401,245
17103,127
51839,558
8820,198
12752,793
16462,328
38126,384
49379,703
44634,445
7544,22
55815,109
45006,67
7407,282
43246,305
46841,535
45176,638
56334,297
66449,502
52299,710
56734,800
56519,608
31582,561
67214,509
17693,159
67588,556
9468,734
4346,800
55399,315
65553,516
56492,295
34852,745
40069,502
56253,371
30328,443
26250,800
1719,69
48937,291
180,580
45687,180
41112,534
42395,558
18590,687
51906,557
44073,672
19841,107
49721,248
56355,568
56905,388
28216,271
38895,30
19346,148
7000,206
63910,139
47796,242
61141,524
68393,456
28288,800
62819,21
47359,340
65109,441
61755,227
36751,146
67793,285
59757,672
65241,320
26444,800
41800,445
7372,258
4331,330
35767,18
15820,545
40677,773
4039,340
35809,513
38565,678
45005,391
8724,558
10928,466
21735,736
28168,560
57889,115
34225,93
4338,431
8956,266
68156,800
54881,800
42972,542
41869,569
42016,800
8029,627
2374,234
15921,671
40083,73
30990,50
53639,26
39984,311
56286,667
23263,368
68775,637
32251,763
59570,311
55252,741
43893,281
2124,125
66006,511
4605,658
49904,695
25760,562
2204,643
24894,426
18321,543
12912,222
61900,51
66751,800
41752,180
34419,800
60891,149
56424,69
49628,369
26896,292
67814,94
64860,800
41802,770
32851,104
42558,267
48697,705
37820,318
24682,287
4681,665
18771,773
40376,658
59794,318
16548,617
23670,441
24858,731
16974,408
42998,699
20851,334
12092,297
26498,100
20017,338
36437,356
15503,204
60233,604
62189,426
44302,800
20752,311
66869,687
4280,65
17762,359
65532,595
57991,433
25460,25
37195,87
31490,427
33667,759
31049,326
46435,315
68455,800
8993,81
45241,570
15188,165
33391,567
25110,580
20251,574
28700,433
26618,106
12392,766
31876,128
14261,771
19537,342
38099,331
12156,494
42973,106
58525,238
36991,566
67213,675
41635,633
40399,470
34748,524
58554,800
40600,730
346,574
60653,408
65505,586
17211,414
67003,108
23873,163
166,359
55359,739
12594,514
18050,286
65849,250
66630,2
58677,515
48627,160
11100,652
45200,215
16047,157
46064,542
39129,565
18494,557
66473,800
42895,278
8774,426
50956,222
66923,4
55262,105
29791,378
10282,272
66306,107
29198,19
57353,418
48668,181
50664,641
17112,430
4337,235
31805,391
29936,346
39759,542
56634,89
55289,35
52020,81
62916,800
65262,310
61931,800
47141,628
5472,369
18463,569
51073,323
67176,252
22419,15
15077,463
25208,457
45166,301
37441,497
24938,554
40956,99
29422,536
54742,738
26111,133
41821,762
16392,655
38952,148
36325,605
55683,497
5979,636
58887,359
7571,85
47552,758
19693,739
33106,310
67091,538
10554,653
58444,393
28127,591
57586,676
32313,112
60486,176
36654,529
45001,800
56100,501
50797,360
8136,544
63685,800
27193,598
14634,464
60267,124
66071,111
2687,323
40854,800
63563,428
66149,421
24121,643
3723,678
30947,286
21608,445
39931,702
5931,330
58071,59
56978,81
60113,547
42417,800
58879,377
33922,800
52092,75
53563,551
7886,752
2610,305
44683,655
3399,157
64961,702
4889,412
65718,524
54727,302
24441,411
42539,482
28108,63
58241,244
28267,40
33303,307
20069,482
51315,800
47543,29
56959,202
35788,669
17571,253
33703,780
26713,336
64797,800
50622,471
22838,501
4839,582
63158,722
30695,146
32717,350
38030,118
22390,267
24418,247
43291,342
19966,10
60132,67
16358,392
48350,240
18443,24
33997,800
54374,223
32014,411
1930,480
14766,426
45763,673
21984,132
9254,60
60311,428
9391,662
45555,416
43490,778
38251,336
2417,779
21713,628
63884,363
11466,667
37916,135
68545,659
59426,708
41660,20
3018,800
37248,171
1693,691
15709,465
21228,124
43385,366
64994,445
22260,104
48479,560
32451,610
57436,527
30270,371
32307,705
2920,238
52777,96
23537,143
35562,658
25832,54
176,485
19852,501
65632,668
18149,661
66721,629
33952,146
58329,318
24742,800
29769,406
6835,498
9689,729
33894,86
47333,84
3988,584
67188,800
61405,20
40898,378
12369,139
28650,507
17363,647
55524,374
14949,80
66152,539
22949,284
39573,609
11225,104
37332,36
18407,800
63200,426
35214,3
33852,800
22785,491
41435,365
23051,73
47277,800
42969,671
61001,147
15682,28
31181,116
47974,365
12548,579
19716,192
46585,531
41670,433
61763,293
3374,583
1887,269
31526,80
12209,660
56222,283
28412,378
39993,335
30570,474
68563,62
63864,758
44418,371
60230,68
62405,509
25269,503
53269,80
23272,800
44471,225
40396,494
19851,654
18735,350
13313,453
42797,800
9170,238
26342,573
27519,190
23908,704
60850,40
49197,111
18795,691
59265,151
17950,1
52532,437
2731,326
42709,682
65640,472
14704,647
61104,670
7750,724
64692,343
5763,0
59070,583
62995,451
1168,169
48327,454
61950,583
42526,597
9371,609
12995,350
60757,128
21726,800
35621,800
15316,800
4952,755
6218,461
60471,216
66388,557
44659,309
62872,800
67043,552
5292,178
36388,365
4695,477
49694,9
15078,377
44208,430
40814,800
47518,493
49062,129
26503,370
7393,327
60580,497
7059,79
64657,209
63708,529
53666,302
36476,164
60900,215
52374,737
63290,504
66036,508
19708,437
50740,7
52816,0
23970,116
30762,310
20159,402
22722,473
59396,800
64265,163
52356,619
29502,800
3572,90
35844,546
1781,395
24357,216
43184,112
59621,630
22409,159
48667,469
16274,530
32292,775
58171,447
12849,623
56867,520
68764,271
18821,441
14021,332
29079,685
10138,552
47307,705
43214,295
41352,98
3954,242
19943,101
27449,379
25784,736
30319,90
55207,14
22832,327
41273,501
49126,273
30673,17
50883,378
22495,371
68748,321
54680,800
36587,493
46582,578
49372,727
51835,225
56252,583
57664,766
11669,317
62201,350
62615,14
16767,727
12153,579
67541,528
24517,158
29860,616
32516,141
34145,507
23438,624
826,79
6752,719
21953,800
41926,29
46685,253
177,307
67174,743
46760,356
48446,207
26325,288
54955,85
50068,706
58207,274
13534,331
39686,217
49515,168
19167,216
5463,800
8304,121
393,266
11737,410
26627,658
26061,496
36940,683
52134,303
17130,670
35708,389
37511,466
32726,800
61149,612
61223,13
40130,100
12875,320
21208,707
3298,159
2979,670
18395,144
59338,490
62698,398
49140,317
44648,67
12408,729
49066,75
58966,221
1265,800
12096,250
54966,164
10979,127
11193,355
45164,511
40999,629
58913,388
43603,289
14507,240
4375,746
21618,292
55698,63
56403,800
21861,568
12227,425
9600,723
19891,628
56934,176
9571,673
56716,786
31147,46
16774,755
24273,170
15435,131
26147,683
39182,18
60165,384
44065,800
16158,585
23053,483
3602,222
10526,624
4756,365
28739,524
68075,317
56130,117
5787,94
28661,522
20261,507
34017,745
6514,281
53848,700
62436,542
50529,628
57682,60
47097,579
53840,583
49952,430
22614,325
17131,564
33075,438
19517,3
8840,519
52061,610
10664,670
45834,162
67037,265
11497,444
1492,420
23381,605
5341,335
13914,224
10981,689
17458,369
19595,496
48220,559
52,256
28733,297
34958,493
59141,85
44827,25
60926,144
49668,677
47962,221
24429,468
24057,519
66614,800
28717,135
52582,722
64537,777
19669,157
43427,343
18268,703
26581,200
1193,88
21766,198
50724,14
7358,364
54646,767
61251,176
63639,338
17352,726
53745,800
64892,800
58698,754
26381,719
47459,461
28326,592
8087,731
63274,234
32742,24
63011,591
16872,462
34529,52
19521,250
28519,664
23836,800
28223,745
46394,466
1635,572
60550,443
26228,736
42180,628
66754,155
26125,800
14857,800
44387,781
47595,232
36026,306
37315,538
44490,497
378,76
28077,206
7535,341
40555,143
58463,254
16559,63
33680,586
39533,67
66428,196
28996,766
37121,458
41096,698
14055,5
60949,450
42118,476
12815,227
53762,55
19242,249
38090,56
9640,587
3966,73
43308,204
36996,522
53019,359
31986,37
15846,160
18472,517
18674,800
8584,713
67046,337
1471,642
47555,317
50829,702
35369,612
37649,39
56418,684
47227,5
18994,99
65977,211
2620,730
11159,222
6718,772
34046,365
18032,104
65757,68
30877,337
40443,18
46360,615
20644,720
17818,343
36013,1
61271,732
11820,401
63359,611
40539,306
12405,388
2270,229
50355,378
21447,88
58856,446
9980,800
27025,724
44255,484
47048,613
31307,145
13864,50
42780,24
63012,542
44877,75
62127,218
14108,737
3636,208
58748,284
37274,382
54530,399
36707,637
27048,184
59212,458
1612,758
790,24
7660,560
17258,162
46624,604
24625,292
20131,433
36855,538
156,303
59495,624
55733,240
30380,17
23765,756
43110,42
46355,578
20894,433
48360,232
7522,596
58505,61
34988,603
65579,226
61473,466
64198,510
65480,64
50147,525
43412,102
23153,541
3035,133
64883,696
26972,225
6967,622
6141,435
43677,431
62495,581
27498,478
65726,168
6056,391
31661,378
10886,501
21198,96
62558,304
62432,539
14357,114
1800,476
43065,603
54053,527
60485,196
59915,374
28471,573
32956,528
20996,792
10373,551
47373,53
62759,269
60457,312
15274,107
28419,194
1840,15
42769,566
57385,325
17358,367
58301,64
68376,299
16238,125
11730,800
15847,152
51559,638
58872,52
61479,215
13510,377
5733,746
2496,351
14360,223
23707,575
42346,682
30708,133
34942,536
40627,104
48782,783
4802,279
49653,156
24425,724
51093,156
57742,557
32036,462
30113,497
14153,122
39314,577
19191,374
34572,490
31145,94
59418,523
62185,250
27071,359
31689,234
16095,508
44048,690
40858,580
59612,425
34068,138
36248,203
50502,720
43509,228
35386,445
65447,113
38075,689
32657,408
9387,604
61037,540
63015,397
23732,202
56807,800
33947,299
48713,355
38033,49
31113,598
30965,712
38768,601
59050,437
25066,657
52332,21
49869,175
984,681
13691,131
57762,644
367,741
64311,414
26087,116
68364,504
52752,414
59315,18
15671,213
62276,205
9402,800
4295,670
36893,295
25757,559
41536,223
41242,425
56837,524
23689,231
45390,126
14613,89
63711,372
6299,780
28332,516
36760,594
47685,800
50537,137
49061,27
12948,654
4792,678
32485,781
18553,755
30457,231
13852,150
6441,367
3909,685
50814,501
19389,50
54419,361
22865,624
54181,390
36007,195
19258,49
10056,643
27367,67
39632,23
67731,377
4282,286
8354,558
34383,386
45697,6
37504,303
67359,604
64000,645
59313,171
49931,618
2271,663
30939,92
25846,779
10706,149
10123,160
65258,159
7914,407
5916,724
59276,198
50097,701
25060,676
32933,193
18644,400
48524,610
44045,476
62515,735
41403,670
45248,655
42405,413
11584,566
4670,739
31316,234
39307,8
48685,318
67154,133
35991,606
31197,710
1190,397
54774,739
66627,76
40587,182
42000,254
9843,498
64296,455
20175,248
31561,275
40530,691
51999,343
65482,690
17863,205
20610,416
64991,750
7693,368
20767,703
44787,125
48981,341
15589,59
20439,761
35647,163
43351,192
10532,769
6002,312
5622,800
62670,346
20892,779
1035,786
46173,544
32125,583
36273,165
27375,408
34883,693
12584,720
1726,350
52632,513
53377,728
20605,8
59841,620
36275,788
9638,443
48541,424
30855,252
58930,165
4272,720
35864,166
8387,135
19099,293
36111,450
55822,386
33220,574
45703,24
55991,800
43233,283
9783,193
25855,165
40452,29
27261,53
34747,473
68657,519
49807,472
41378,401
44253,280
37400,508
25931,344
27292,520
56262,321
14611,16
52607,293
49765,168
20485,692
41492,429
12163,51
58224,511
27882,279
49569,523
31199,738
20027,594
4458,256
66894,58
35354,800
8475,149
40066,165
20239,442
24814,187
18199,544
21689,367
55664,476
3945,49
3567,664
22185,83
21191,749
53405,402
6732,345
49589,800
66861,470
18120,546
25734,769
31252,562
38731,228
66219,759
15994,165
40194,265
26679,98
46302,426
36763,800
66733,676
20411,345
6453,185
66375,418
35466,53
63120,481
59259,163
28635,320
48655,714
44936,81
14637,284
28150,577
35024,793
38031,182
15083,77
55278,201
36298,304
32168,307
14981,642
10583,190
47831,628
21449,7
12212,125
40169,800
2718,502
29524,47
64354,389
48465,182
22225,800
29785,306
61218,130
49675,61
51651,194
64356,253
6647,441
5139,146
52472,32
20534,344
65188,109
47229,161
36109,432
52987,800
8917,649
50972,731
43971,29
25117,232
59062,132
62353,390
7189,789
19751,368
68062,800
53461,800
18649,745
61800,269
12550,303
21732,498
1914,718
11664,183
22811,25
4659,191
44935,800
14644,327
3561,178
10857,617
16170,414
3179,321
52241,557
17390,158
17745,727
62013,323
4388,345
48516,75
25670,420
57485,223
11035,660
53696,299
68277,606
27990,800
10950,49
35009,418
20155,800
15596,800
27422,593
60048,123
7055,137
46615,108
37313,191
12926,138
33248,54
60130,233
30468,616
20050,700
14353,681
13293,50
22450,8
5047,593
56791,194
31761,80
62347,18
27707,777
55583,612
22768,658
32595,317
52327,70
428,603
41820,491
54619,624
37419,420
15981,201
10623,726
12988,624
51010,371
61851,294
6541,563
37085,4
52692,167
64335,719
11480,265
36178,624
58469,388
18038,532
43319,526
39542,38
13211,192
32195,523
20793,149
49500,387
51070,15
10063,534
37913,531
2872,451
12228,796
51437,800
29723,619
39231,346
8726,784
30956,65
34322,384
10012,722
39217,540
34835,718
68756,442
65856,107
56171,633
44356,652
63111,117
316,51
7664,569
51652,800
11702,5
3882,547
18930,100
32674,731
33927,800
55105,57
36142,500
31567,800
36869,463
53534,595
50986,180
35555,61
28502,438
58785,386
43733,213
33965,195
42389,353
51398,766
54167,668
32925,141
53049,669
41443,442
47016,147
62816,575
57891,656
28367,622
68353,503
22597,177
13794,101
14031,719
8429,551
52394,141
16357,762
22699,478
66997,73
52507,304
16159,494
53614,284
65989,800
5189,256
40986,409
51660,577
26464,79
42852,700
41309,585
59101,457
5685,800
49489,280
40311,592
55450,160
39767,734
8372,772
3040,158
1803,507
63067,56
66058,280
12072,3
51615,51
64987,190
9189,15
62234,417
66103,576
24734,234
7723,221
18940,187
34275,669
50481,540
58078,694
52002,248
7565,489
49136,729
16602,328
28484,558
10618,792
53550,459
56593,477
2330,334
2309,800
16280,435
39850,137
43911,280
63024,756
3006,177
68503,28
64042,251
17406,529
19368,203
55439,195
10802,263
22040,800
26812,495
50158,287
34214,163
57288,720
19983,767
58694,653
56655,142
5949,111
62686,255
24360,417
28622,731
65730,504
38363,114
6677,386
54268,759
34962,118
7854,800
15861,761
66034,800
49809,229
24323,723
13585,673
36032,800
3625,576
96,230
6446,147
13729,637
54299,219
64975,254
67161,433
28251,115
4396,68
30639,483
40231,163
43831,6
2160,626
293,105
28002,687
12364,761
57010,496
12677,682
45056,162
50720,409
68082,605
36522,684
47393,663
22228,245
51209,701
10093,128
1968,800
62203,563
24895,733
52694,510
57129,551
53770,82
52124,580
33854,231
10975,465
60581,171
33595,685
12311,723
42398,271
34072,248
11657,723
45609,51
39821,412
66712,32
9781,61
20539,680
58165,505
29159,383
9051,413
10066,39
59762,193
25697,800
42050,177
30727,535
56220,23
57944,594
21972,361
32916,15
9796,257
65332,630
59267,386
17924,265
59566,377
57083,35
32179,82
67788,63
39039,686
61825,607
287,800
21905,462
39864,199
6430,70
58256,272
22961,91
53259,718
45925,402
6365,36
10840,358
13598,120
4164,181
33240,125
41473,322
28803,82
21656,595
48283,573
34503,17
3088,669
50469,621
28681,516
51005,645
29599,228
40560,157
67579,62
7110,274
38024,800
59830,240
7976,664
36833,674
62551,162
5016,104
36781,712
59800,24
14326,17
45452,469
54788,62
47872,763
3283,122
9646,143
65794,184
66509,451
25447,437
58458,63
54455,158
67218,41
28126,84
29761,557
33803,748
52252,556
27539,677
67852,35
14329,494
47766,409
7467,618
2978,130
54710,742
41778,765
66837,273
27873,584
51595,777
39504,477
63310,800
38281,800
10457,638
3060,94
42812,477
62599,301
57064,293
43493,412
10442,753
31067,116
35690,395
8935,56
5635,110
47213,800
14792,13
41663,605
45144,594
7405,651
54136,406
20912,772
13778,800
62061,84
41854,652
44346,556
30631,471
27508,240
60097,705
27758,762
63980,192
17487,271
63836,416
14760,505
4621,563
32462,769
33028,587
30049,497
57573,557
27766,242
8711,608
14473,719
53512,248
8627,12
21624,40
29924,152
51882,416
21338,177
5563,518
29722,431
1616,723
47433,800
28802,335
33383,413
21609,161
55980,207
31948,144
39581,509
38413,38
51553,800
64101,647
35872,251
12496,143
8838,547
59943,117
19425,539
424,181
49742,180
5190,41
18327,31
26300,246
17733,469
60743,147
35919,615
60441,431
17986,70
55250,131
6716,216
4527,705
54091,273
53567,344
39650,265
56245,800
63191,461
57885,399
12768,206
1775,781
6580,559
4335,449
8770,426
1900,101
14834,460
7195,800
30851,318
30970,156
30558,433
44849,367
61225,772
26833,697
66245,81
6195,408
54044,176
20611,445
21691,737
21141,13
54765,283
37785,536
38149,258
12540,246
18596,674
38280,112
31285,320
43062,766
56405,495
27886,408
61522,552
38631,114
46080,735
66539,641
20457,800
26608,535
24212,43
44188,466
13020,74
33921,219
42859,215
35192,324
28212,161
48904,318
28422,264
20197,383
21606,293
35545,435
4818,471
45919,781
49625,641
56086,290
38384,620
21903,763
40207,5
54493,800
15291,52
40392,311
44959,6
55891,231
19077,171
48895,588
66398,646
3753,474
13100,701
17688,634
45135,382
34340,772
16227,722
19745,465
11255,593
42981,379
34333,494
42730,681
17922,595
41118,14
8111,653
32892,587
36415,177
41534,293
4166,787
16929,163
8602,233
28889,303
20577,187
51222,580
45967,781
50660,115
62477,322
35256,45
10599,366
55412,723
55019,67
37972,17
22983,534
14535,75
29811,464
11236,747
1215,2
3664,294
53537,89
45223,645
5490,574
11001,536
22084,588
32284,586
25896,455
67159,33
7140,515
47733,630
174,110
45694,632
64971,475
40121,800
78,73
40737,638
2122,229
15954,76
26610,356
37546,15
15756,137
21169,320
49046,709
51973,318
14004,256
4167,514
27295,800
36903,108
67844,769
51394,12
19513,542
53651,800
16026,728
65899,125
10072,301
61443,681
38693,696
47482,800
42158,146
38427,443
24118,792
41717,101
44964,240
38044,167
56857,420
6702,773
29787,388
5180,17
43785,354
61428,546
59699,689
50580,281
8973,541
65659,658
64205,538
62779,753
19148,541
34235,800
722,429
13243,157
27085,381
20495,95
39132,696
36754,782
42971,80
3326,673
39682,246
1301,658
34154,225
40610,800
47705,180
29823,694
52560,114
38032,500
45290,374
53753,800
49428,535
58535,769
68357,14
62880,100
24651,737
29213,132
35618,288
66937,466
63987,557
16125,15
10030,800
15198,503
6243,323
19240,170
12182,547
1909,160
39579,97
43791,15
4499,642
41688,261
32846,762
56151,140
32185,174
43329,240
27168,771
16836,800
22487,800
8247,433
40779,412
63559,553
2747,93
10619,537
3507,177
30725,305
52673,643
11965,193
68721,292
23194,699
42109,645
2603,8
37789,227
53206,702
9636,631
43236,37
24739,665
17672,154
65514,800
4053,366
5082,800
46008,539
11714,453
26024,587
15007,166
30303,375
8604,30
54678,617
26801,76
32949,364
64887,712
33095,47
67422,568
51047,35
59729,706
778,249
55191,800
57362,601
47918,726
40653,690
10899,129
68467,714
15993,0
22444,717
7945,7
46852,766
15936,456
18136,261
46670,193
13762,800
11693,685
26979,509
49870,738
36457,169
20976,529
66823,160
5422,151
56887,282
36421,2
10458,568
61745,375
40251,472
60093,16
14931,727
18515,442
27180,275
52783,784
59516,357
56307,364
49578,216
23174,94
67728,510
44435,800
49872,614
15528,506
25576,70
1826,656
3227,149
62789,492
32982,364
39447,231
10361,337
68799,562
22684,185
40949,27
53530,800
23828,417
56762,485
14907,637
19727,390
68475,107
17517,238
50027,650
64571,800
62171,23
11340,68
36225,530
64464,96
35245,268
24299,335
30381,162
61997,690
62802,184
67236,800
33038,800
63597,361
45547,393
48553,610
52189,35
61295,136
12184,247
55715,520
63192,744
55760,645
51290,408
41323,256
50708,770
989,272
20097,727
57604,519
30654,81
253,323
6285,578
30523,300
40608,227
5657,404
29109,71
48626,250
3543,91
42555,113
36095,592
10889,648
31205,800
63918,258
53993,714
630,106
456,185
55783,667
40403,800
15572,554
3192,527
11382,776
67393,638
26079,658
67906,645
62977,494
24185,0
32178,800
9534,800
66853,232
12617,592
46968,746
55315,639
32570,291
51930,272
6199,736
56127,280
8814,603
46504,469
32192,280
35723,660
1702,615
21504,800
25851,170
46544,800
47200,151
14606,146
38822,769
42450,230
168,393
42921,591
9761,350
24076,36
59876,717
33209,800
50888,473
31118,615
11528,635
57257,524
59893,42
3395,716
51000,721
2540,646
47711,727
22288,800
56023,755
27568,220
29413,596
53706,486
41555,575
60193,764
20444,800
68288,0
57041,279
3832,108
34571,755
20765,608
56641,501
30134,683
2735,392
4079,27
22283,436
50254,252
46891,92
50372,18
60473,609
62923,152
68235,19
17507,438
47836,339
18565,351
58543,417
30530,48
57507,736
27572,226
4365,673
32980,514
11152,800
54050,766
27964,676
47437,356
62146,176
1194,800
15282,90
10766,800
32842,747
36511,82
661,737
55024,336
31776,390
45364,523
28081,418
3322,52
40145,651
58542,734
47468,159
56258,345
23105,579
16347,800
54545,404
51951,111
65328,152
18316,515
12293,507
32385,4
17966,108
68023,209
24401,325
122,430
26435,674
34110,134
9971,74
44055,256
20199,498
2033,54
29295,500
35998,638
32346,474
43954,672
68716,546
14421,785
56651,76
40629,771
6475,115
17595,122
9835,380
7180,400
26585,388
34432,648
5087,21
38047,27
42495,676
40081,722
8676,317
62905,216
21536,464
20504,306
47281,50
48488,735
47749,396
29506,363
8615,331
41033,494
43230,259
65468,708
19659,694
54900,225
27188,326
35846,477
65523,317
12202,784
51027,759
31895,800
49973,381
59594,781
44866,800
72,44
37138,700
50178,783
2802,476
20888,354
34254,276
10616,328
64633,337
63063,423
44415,456
10784,754
3929,500
59912,743
15230,368
63958,594
19102,134
51884,188
44848,531
40529,228
27848,534
22934,370
3770,605
41665,610
56248,198
51175,17
20700,145
14187,258
55905,712
67664,577
23019,744
54089,371
19658,800
66870,687
41806,559
67471,373
23813,557
22005,466
58432,178
58330,161
38158,795
45805,79
47853,3
34846,605
34610,715
19643,394
18925,473
4653,481
56535,84
28638,485
52945,800
42800,209
59129,517
30766,800
45592,455
45165,357
42931,800
48371,326
57508,663
42360,153
61200,169
52479,168
9987,800
3717,215
11598,364
2150,0
62090,424
64443,135
25494,579
68679,673
13232,461
1397,436
27158,161
30898,800
45106,585
65044,732
15546,77
57775,88
68151,636
48159,800
19915,239
12031,539
46602,84
22300,422
37997,19
63649,534
5755,474
40077,612
10755,415
18426,628
20323,727
29458,149
17536,92
52138,67
53395,800
55348,494
28900,494
26115,594
38168,162
67399,162
64748,800
17434,800
26829,731
62377,542
39471,16
26563,602
11308,414
40635,465
58041,21
40030,323
37611,800
12682,621
58750,286
18277,363
32917,561
35671,568
64982,364
8346,165
16250,637
19938,289
47936,510
21263,800
259,24
34469,800
31173,779
18410,390
61325,576
65440,369
19486,79
1442,234
22157,383
38097,168
51925,509
8550,254
59350,475
54542,602
21085,602
10563,590
36746,120
39427,800
68346,18
29631,800
56778,800
4004,312
16396,258
5162,800
18741,502
52317,720
7988,605
15366,294
50793,423
52261,397
2881,751
9850,507
43602,311
53247,595
16698,585
38229,404
21089,615
24752,109
36627,738
50586,49
5611,745
7167,708
67543,611
6324,272
48727,704
44249,747
1392,800
53376,232
66260,658
16492,758
7461,739
31699,31
17795,38
19873,119
26607,800
55397,532
5130,93
35606,165
58075,333
55990,666
12625,671
372,486
59298,454
57926,8
24050,800
12104,800
10015,418
15672,333
17787,110
13330,690
62630,86
11419,530
61389,800
48441,800
31735,597
66096,672
45497,279
45180,526
10985,394
38480,52
35334,611
63152,650
10580,213
62465,399
21685,734
1725,68
33909,514
26296,674
67092,416
31497,644
43075,369
58719,118
48962,544
19181,797
35375,114
19208,521
64007,491
7455,524
40542,303
6269,584
65701,554
22653,406
13783,739
27023,161
39026,557
64524,767
62482,286
64752,781
59402,234
46389,121
64417,641
31839,619
40192,496
25934,779
14191,248
22775,39
10647,574
2027,560
30985,204
34627,390
25139,251
706,800
41981,507
17984,784
3220,279
25469,800
34898,65
4500,20
30464,299
23790,105
47770,36
34004,123
37,675
32866,545
32976,606
4897,322
63917,133
45726,353
17357,637
6011,263
19085,571
39425,219
64615,54
28282,800
18229,44
23486,121
64369,50
35965,461
63435,800
42480,1
11520,683
29418,52
25009,621
53697,418
26219,563
24469,366
21455,326
64370,191
34935,604
11506,151
8340,294
12422,800
26661,129
17835,497
67124,800
2503,505
58065,655
65985,281
30728,358
18722,473
